source,name,username,profile_url,phone,whatsapp_url,trade,area,followers,bio,generated_site_url
batch1-site-live,Sakthi | Digital Marketing Freelancer in Dubai,sakthidigital_dubai,https://www.instagram.com/sakthidigital_dubai/,+971522035826,https://wa.me/971522035826,Digital creator,,,🚀 Digital Marketing Freelancer | Dubai 🇦🇪 | SEO • SMM  • Google Ads • Meta Ads • Websites | 📈 Helping Businesses Grow | 👇 Free Consultation,https://uae-preview-sites-batch1.vercel.app/sakthidigital-dubai
batch1-site-live,Freelance photographer Dubai/SHJ,photographerindubai_shj,https://www.instagram.com/photographerindubai_shj/,+971585487357,https://wa.me/971585487357,,,372,🧿Hire the best Photographer in Dubai and Sharjah | 🟢WA +971585487357 | 🚀Starts Aed 1299/-,https://uae-preview-sites-batch1.vercel.app/freelance-photographer-dubai-shj
batch1-site-live,Fatmaelzahraa kabil,fatmakabeelmakeupartist,https://www.instagram.com/fatmakabeelmakeupartist/,+971585878503,https://wa.me/971585878503,Makeup Artist,,50876,Celebrity /Bridal Makeup Artist | Licensed | Permit  1568884 | 📍UAE🇦🇪  | For reservations call us on +971 58 587 8503 | fatma.m.kabeel@gmail.com,https://uae-preview-sites-batch1.vercel.app/fatmakabeelmakeupartist
batch1-site-live,Henna by Hisa,henna_by_hisa,https://www.instagram.com/henna_by_hisa/,,,Artist,,7885,"Licensed 🇦🇪1605390 | Dubai Henna Artist & supplier | 10,000+ satisfied customers  🌎 | Bridal ,events  ,white henna,nail cone,stencils,Jagua etc. | Since 2020",https://uae-preview-sites-batch1.vercel.app/henna-by-hisa
batch1-site-live,Nails Home Service UAE,nails_home_service.uae,https://www.instagram.com/nails_home_service.uae/,+971507849902,https://wa.me/971507849902,,,1396,Nail artist with good experience at home 🇰🇬 🇦🇪 | ✨️ PROFESSIONAL PRODUCTS 🧴 | ✨️ Russian mani/pedi & extensions | ⏱️ Mani/pedi done 2 hours,https://uae-preview-sites-batch1.vercel.app/nails-home-service-uae
batch1-site-live,"🧿t’s kitchen🧿 Home Baker Dubai 🧑‍🍳, Cake Artist, Dubai",deytulika,https://www.instagram.com/deytulika/,,,Dessert Shop,,2187,Customized Cakes | Homebaker |  | Cookies | Cake Artist | Based in Dubai 🇦🇪,https://uae-preview-sites-batch1.vercel.app/deytulika
batch1-site-live,Dubai Henna Artist 🇦🇪| Amis Art,ameenahamidali,https://www.instagram.com/ameenahamidali/,+971551942931,https://wa.me/971551942931,Arts & entertainment,,6258,Licensed Henna artist in Dubai Since 2017  | | Corporate Events | Cultural event | Clients: Emaar | Sharjah TV | Saif Zone | +971 551942931,https://uae-preview-sites-batch1.vercel.app/ameenahamidali
batch1-site-live,Gerges Antwan Photography,gerges_antwan_photography,https://www.instagram.com/gerges_antwan_photography/,,,Photography Videography,,56033,"Beauty • Fashion • Commercial  | WORLDWIDE , Currently in Egypt 📍",https://uae-preview-sites-batch1.vercel.app/gerges-antwan-photography
batch1-site-live,Shazas Henna Dubai,shazas_henna,https://www.instagram.com/shazas_henna/,+971568588716,https://wa.me/971568588716,Artist,,109358,"Certified Henna Artist–Dubai 🇦🇪 | Bridal • Party • Festive Henna | 100% Organic | Home Service | 📍 Dubai, UAE | 📲 WhatsApp for Booking www.shazashenna.com",https://uae-preview-sites-batch1.vercel.app/shazas-henna-dubai
batch1-site-live,Bliss Henna by Zahra,blisshennabyzahra,https://www.instagram.com/blisshennabyzahra/,,,Artist,,137668,6 years experienced henna artist Bridal & Non Bridal Henna | 100% Organic fresh henna 🌿  | DM to book or order Henna Cones | 📍Dubai | Ajman | Abu Dhabi,https://uae-preview-sites-batch1.vercel.app/bliss-henna-by-zahra
batch1-site-live,Chef Jamila private dining,chef_jamila__,https://www.instagram.com/chef_jamila__/,,,Personal Chef,,10747,"Eat, Share, Drink & Enjoy a Fine Dining culinary experience from your own dining table with a Private Chef! | Discover How:",https://uae-preview-sites-batch1.vercel.app/chef-jamila-private-dining
batch1-site-live,Magical Hands | Dubai Cake Maker,cakes.magicalhands,https://www.instagram.com/cakes.magicalhands/,,,Bakery,,28834,🎂Baking and Creating Magic✨👩🏻‍🍳🪬 | 📍Dubai 🇦🇪 | 🌸 Making Adorable bake content  | 💌cakes.magicalhands@gmail.com,https://uae-preview-sites-batch1.vercel.app/cakes-magicalhands
batch1-site-live,Fahad,fahadhados,https://www.instagram.com/fahadhados/,,,,,1236,•𝗧𝗥𝗫 | •𝗕𝗢𝗗𝗬 𝗪𝗘𝗜𝗚𝗛𝗧 | •𝗕𝗢𝗗𝗬 𝗧𝗢𝗡𝗜𝗡𝗚 | •𝗙𝗔𝗧 𝗟𝗢𝗦𝗦 | •𝗠𝗨𝗦𝗖𝗟𝗘 𝗕𝗨𝗜𝗟𝗗𝗜𝗡𝗚  | •𝗕𝗢𝗫𝗜𝗡𝗚 & 𝗞𝗜𝗖𝗞𝗕𝗢𝗫𝗜𝗡𝗚 | ---- ---- ---- | ➨ DM FOR INQUIRIES | ---- ---- ----,https://uae-preview-sites-batch1.vercel.app/fahadhados
batch1-site-live,Azal Mehandi Art,azal_mehandi_art,https://www.instagram.com/azal_mehandi_art/,+971503845765,https://wa.me/971503845765,Artist,,1415,👩🏻‍🎨LICENSED HENNA ARTIST | UAE🇦🇪 | 💍 Bridals | 🎉 Parties | 🌸 All occasions  | 📩+971 50 384 5765 | DM for bookings | 🏡Home service available  | 🇺🇸~🇦🇪,https://uae-preview-sites-batch1.vercel.app/azal-mehandi-art
batch1-site-live,Shazna Dubai Henna Artist 🇦🇪,shazhennaartist,https://www.instagram.com/shazhennaartist/,,,Artist,,214,"•TEMPORARILY CLOSED❗️ | •Henna for every occassion! 🎊 | •Events, Weddings & Festivals 🥳 | •Henna Artist #dubaihennaartist #uaehennaartist",https://uae-preview-sites-batch1.vercel.app/shazhennaartist
batch1-site-live,Studio Morcen UAE,studiomorcen_uae,https://www.instagram.com/studiomorcen_uae/,,,Photography Videography,,1573,Licensed photo & video company capturing timeless memories 📸 | Co-Owned by @bellamorcen  | 💍 @weddingsbystudiomorcenuae | ✨ @every.content | Google Reviews ⬇️,https://uae-preview-sites-batch1.vercel.app/studio-morcen-uae
batch1-site-live,KADUNA HENNAH ARTIST &STICKERS,hennah_by_fauzy,https://www.instagram.com/hennah_by_fauzy/,+2348139990293,https://wa.me/2348139990293,Artist,,370,✨Beautiful henna designs🔥 | ✨High quality henna powder $ henna stencils at very affordable prices  | ✨ we deliver Nation wide | Call/watsapp #08139990293,https://uae-preview-sites-batch1.vercel.app/hennah-by-fauzy
batch1-site-live,Asja PT DXB,asja_pt_dxb,https://www.instagram.com/asja_pt_dxb/,,,Athlete,,2199,"📍Dubai, UAE | 🔸️Fitness coach | 🔸️Mat and Reformer pilates inst | 🔸️IFBB Wellness amature | 🥇Dubai Muscle Show winner | 🥈x2 AbuDhabi and Binous classic winner",https://uae-preview-sites-batch1.vercel.app/asja-pt-dxb
batch1-site-live,Aeo Sweet3ts,aeosweet3ts,https://www.instagram.com/aeosweet3ts/,,,None,,62,"Little treats, big happiness 🤎 | 🍪 Handmade shortbread • bars • cookies | ✨ Freshly baked • Made with love | 📍 Dubai | DM for orders",https://uae-preview-sites-batch1.vercel.app/aeo-sweet3ts
batch1-site-live,PHOTOGRAPHER DUBAI 📸 Фотограф Дубай,valery.litvinova,https://www.instagram.com/valery.litvinova/,,,Photographer,,1243,"📍Dubai | • Weddings, portraits, events | Elegant simplicity with pure emotions  | Portfolio ⤵️",https://uae-preview-sites-batch1.vercel.app/valery-litvinova
batch1-site-live,Asad Technical Services UAE,uaehometech,https://www.instagram.com/uaehometech/,,,Product/service,,3,,https://uae-preview-sites-batch1.vercel.app/uaehometech
batch1-site-live,Mafaza Motorcycle Repairing & Deals,mafazamotorcyclerepairingdeals,https://www.instagram.com/mafazamotorcyclerepairingdeals/,,,,,,,https://uae-preview-sites-batch1.vercel.app/mafazamotorcyclerepairingdeals
batch1-site-live,Vanessa Bayma,chef_bayma,https://www.instagram.com/chef_bayma/,,,Chef,,14453,CBC Consultancy and Events FZE | 🌐Visit our website & meet our collaborators to learn how we can serve you! | 📧info@chefbayma.com for product promotions,https://uae-preview-sites-batch1.vercel.app/chef-bayma
batch1-site-live,Home Baker | Dubai | Sharjah,alifurbancuisine,https://www.instagram.com/alifurbancuisine/,,,,,64,"Flavor obsessed homebaker 👩‍🍳 | 🍪 Cookies  | 🧁 Cupcakes | 🍰 Cakes | 🎁 Sweet & Savoury treats | 🌱 Vegan, Sugarfree, Eggless too | ⏰ Adv. order ONLY | 🚗 Free Delivery",https://uae-preview-sites-batch1.vercel.app/alifurbancuisine
batch1-site-live,La Barra DXB | Peruvian Tapas,labarra_dxb,https://www.instagram.com/labarra_dxb/,,,None,,7702,🇵🇪 Peruvian food made for everybody | 👨🏻‍🍳 by Peruvian chef @robertosegura_official  | 📍@depachika.ae | Palm Jumeirah Mall,https://uae-preview-sites-batch1.vercel.app/labarra-dxb
batch1-site-live,Macts home appliance Repairing,appliance.repair.ae,https://www.instagram.com/appliance.repair.ae/,+971582564039,https://wa.me/971582564039,Appliance Repair Service,,743,"We specialise in Home Appliance Repair & fixing , we repair refrigerators, washing machine, airconditoners,  | coking ranges dishwashers,  | 058 2564039",https://uae-preview-sites-batch1.vercel.app/appliance-repair-ae
batch1-site-live,RM Coach | Personal Trainer,rmcoach_,https://www.instagram.com/rmcoach_/,,,,,206,"‎  | 🇦🇪 | Fitness Management for Executives and  Professionals across the UAE. | ‎  | ⚽️ | FA Licensed Private Football Coach.  | ‎  | 📍 | JVT, Dubai.",https://uae-preview-sites-batch1.vercel.app/rmcoach
batch1-site-live,Edge and Curve Furniture Upholstery LLC,edgeandcurve,https://www.instagram.com/edgeandcurve/,,,Furniture,,2291,"Sofa Upholstery, Furniture Upholstery Dubai | Sofa and Outdoor Upholstery Custom Outdoor Covers & Cushions • Umbrellas • Shade Sails | 📍 Al Quoz, Dubai",https://uae-preview-sites-batch1.vercel.app/edgeandcurve
batch1-site-live,Your Small Biz Bestie,scoopmyart,https://www.instagram.com/scoopmyart/,,,Entrepreneur,,21281,Helping Small businesses to grow | 5000+ owners trust us | 👩🏻‍💻Website Development | 💡 Consultation | Learn about our services ⬇️,https://uae-preview-sites-batch1.vercel.app/scoopmyart
batch1-site-live,Breadwinner.ae kitchen,breadwinner.ae,https://www.instagram.com/breadwinner.ae/,+971562610046,https://wa.me/971562610046,None,,2302,"A bakery concept by @chefnouel and @chefjayps.  | Delivery/ pickup from Tuesday-Sunday, 8am-8pm | Whatsapp - (+971) 56 261 0046",https://uae-preview-sites-batch1.vercel.app/breadwinner-ae-kitchen
batch1-site-live,Luxe Lash Home Service,luxe_lash_homeservice,https://www.instagram.com/luxe_lash_homeservice/,,,None,,793,Luxe Lash Home Service 🏡 | ▪️Premium Eyelash Extensions  | ▪️Eyelash Eyebrows Lamination  | ▪️Sugaring  | Safe • Professional • Beautiful ✨ | 📍Dubai,https://uae-preview-sites-batch1.vercel.app/luxe-lash-home-service
batch1-site-live,"BACKDROPS, BALLOONS, FLOWERS, EVENT PLANNING 🤍",flowerwalldubai,https://www.instagram.com/flowerwalldubai/,+971528818758,https://wa.me/971528818758,Event Planner,,12226,0528818758 WHATSAPP FOR ENQUIRES | Email: info@victorialaurenevents.com #flowerwall #dubai,https://uae-preview-sites-batch1.vercel.app/flowerwalldubai
batch1-site-live,Henna Stories Asiya,hennastories_asiya,https://www.instagram.com/hennastories_asiya/,+971529084158,https://wa.me/971529084158,Artist,,14667,Since 2005♥️ | 📍Dubai | Shj | Ajman l Abudhabi | Home service🏡 | Call/whatsappp-0529084158 | Events | Bridal | Party | For bookings & Enquiries Dm,https://uae-preview-sites-batch1.vercel.app/henna-stories-asiya
batch1-site-live,Amazing Mobiles-Laptops Sales & Service,amazing_mobiles_,https://www.instagram.com/amazing_mobiles_/,,,,,,,https://uae-preview-sites-batch1.vercel.app/amazing-mobiles
batch1-site-live,Henna by Shifa Rahman,henna_by_shifa_rahman,https://www.instagram.com/henna_by_shifa_rahman/,+971505073971,https://wa.me/971505073971,Artist,,6834,LICENSED PRO_HENNA ARTIST🇦🇪🇮🇳 | BRIDAL | ARABIC | EVENT | PARTY HENNA | 8+ YRS EXPERIENCE | HOME SERVICE AVAILABLE | 📍ALL OVER UAE  | 📞📲 0505073971,https://uae-preview-sites-batch1.vercel.app/henna-by-shifa-rahman
batch1-site-live,Luxdess Cakes,luxdess,https://www.instagram.com/luxdess/,,,None,,20419,🍰 | 𝗕𝗘𝗦𝗧 𝗢𝗡𝗟𝗜𝗡𝗘 𝗦𝗛𝗢𝗣 𝗙𝗢𝗥 𝗖𝗔𝗞𝗘𝗦 𝗜𝗡 𝗨𝗔𝗘 | 🎂 | 𝗪𝗘 𝗗𝗢 𝗖𝗨𝗦𝗧𝗢𝗠𝗜𝗭𝗘 𝗖𝗔𝗞𝗘𝗦 | ☎️ | 𝗠𝗔𝗞𝗘 𝗬𝗢𝗨𝗥 𝗢𝗥𝗗𝗘𝗥 𝗜𝗡 𝗪𝗛𝗔𝗧𝗦𝗔𝗣𝗣 | 🚚 | 𝗪𝗘 𝗛𝗔𝗩𝗘 𝗗𝗘𝗟𝗜𝗩𝗘𝗥𝗬 𝗧𝗢 𝗔𝗟𝗟 𝗨𝗔𝗘,https://uae-preview-sites-batch1.vercel.app/luxdess-cakes
batch1-site-live,Sugar Bunch Cakes,sugarbunchcakes,https://www.instagram.com/sugarbunchcakes/,+971566688785,https://wa.me/971566688785,Product/service,,2242,One-Stop Cake Shop for all party planning needs  at reasonable price.  | •Weddings • Birthdays •Special Events  | DM or Whatsapp 0566688785 for inquiries.,https://uae-preview-sites-batch1.vercel.app/sugar-bunch-cakes
batch1-site-live,Just Click Pics,justclickpics_dubai,https://www.instagram.com/justclickpics_dubai/,,,Entrepreneur,,10,📸 Door-to-door photography in Dubai | Passport • Visa • LinkedIn • Family Portraits | Instant prints & studio-quality results,https://uae-preview-sites-batch1.vercel.app/justclickpics-dubai
batch1-site-live,Mobile Workshop UAE,mobile.workshop,https://www.instagram.com/mobile.workshop/,+971551602313,https://wa.me/971551602313,Automotive Repair Shop,,11552,نقدم افضل الخدمات 💼 | تبديل بطارية🔋دينمو 🔩سلف⚙️ | طرمبة الماء💦 البنزين⛽️ | تعليق القير 🛠 ريكفري نقل سيارات🚍 | 📞 +971551602313 | دبي - الشارقة - ابوظبي - العين📍,https://uae-preview-sites-batch1.vercel.app/mobile-workshop-uae
batch1-site-live,DUBAI TOP MAKEUP ARTIST🇦🇪🇳🇬Cynthia Ofoleta,amyposhstudio,https://www.instagram.com/amyposhstudio/,,,Artist,,132896,▪️Luxury Makeup Artist | Dubai🇦🇪 | ▪️Bridal •Events•Photoshoots | ▪️Professional Makeup Training | 📍Dubai | Home.Hotel • Studio | 👇🏽 Book your glam / Training,https://uae-preview-sites-batch1.vercel.app/amyposhstudio
batch1-site-live,ShootEmpire | Photography in Dubai,shoot.empire,https://www.instagram.com/shoot.empire/,,,Photography Videography,,65,"ShootEmpire connects you to #photographers in #Dubai | Explore locations, check portfolios, book less than 30 minutes. | Direct us to book your session🔖",https://uae-preview-sites-batch1.vercel.app/shoot-empire
batch1-site-live,Fahad Dawood,arabiccoffeeservice,https://www.instagram.com/arabiccoffeeservice/,+971502475775,https://wa.me/971502475775,None,,3615,نقدم لكم أرقى خدمات الضيافة                 مرخص من دائرة التنمية الإقتصادية 0502475775 ☎️ |  📱0555222937,https://uae-preview-sites-batch1.vercel.app/arabiccoffeeservice
batch1-site-live,Steam Vision,steamvision,https://www.instagram.com/steamvision/,,,Product/service,,606,Steam Vision | We Clean What Your Family Lives On 🏡 | 🛋️ Sofas • Carpets • Mattresses | 🐾 Baby & Pet-Safe Cleaning | 📍 Dubai | 💬 Message Us on WhatsApp,https://uae-preview-sites-batch1.vercel.app/steamvision
batch1-site-live,Sithli Mobile Barber,sithli_mobile_barber,https://www.instagram.com/sithli_mobile_barber/,+94741079919,https://wa.me/94741079919,Artist,,80,Dubai VIP Barber at Your Doorstep 🇦🇪💈 | Luxury Grooming • Beard Artist • Hair Expert | Available Home / Hotel / Office Service | 📞 WhatsApp: +947410799-19,https://uae-preview-sites-batch1.vercel.app/sithli-mobile-barber
batch1-site-live,O M A R  K H A M I  S  🇪🇬,omarkhamis.pt,https://www.instagram.com/omarkhamis.pt/,,,Fitness Trainer,,50767,Premium 1:1 Personal Training | 🏆12+ Years Experience | 💪 Helping Busy Men Build Muscle & Lose Fat | 📍 Downtown Dubai | 📩 DM “COACH” | 💻 Software engineer | 👇🏼🔻,https://uae-preview-sites-batch1.vercel.app/omarkhamis-pt
batch1-site-live,Locksmith UAE (IG smart keys),locksmith_uae,https://www.instagram.com/locksmith_uae/,+971504642283,https://wa.me/971504642283,Locksmith,,933,00971504642283 | Contact WhatsApp 24 hours  | Original used keys buying and saleing  | Open auto cars door lock unlock service  | Home door lock unlock servic,https://uae-preview-sites-batch1.vercel.app/locksmith-uae-ig-smart-keys
batch1-site-live,Henna Gleam,hennagleam,https://www.instagram.com/hennagleam/,,,,,4911,Artist | - Professional Henna Artist 🍂 | -Based in #Dubai🇦🇪  | - bookings  (+971)555994674 | -Bridal/party/events service  | #dubaihennaartist #hennaartistdubai,https://uae-preview-sites-batch1.vercel.app/henna-gleam
batch1-site-live,IslandWaterz - Authentic Caribbean Food - Dubai - Catering,islandwaterz,https://www.instagram.com/islandwaterz/,,,Restaurant,,2972,"📩 DM TO ORDER 📩 | Authentic Caribbean Food in Dubai🤤 | Mealprep 🥗  | Lactose Free Options😁 | Catering👩🏾‍🍳 | Private Chef👩🏾‍🍳   | Location📍Dubai, U.A.E 🇦🇪",https://uae-preview-sites-batch1.vercel.app/islandwaterz
batch1-site-live,Appliances Repair in Dubai,taimoorfarrukh,https://www.instagram.com/taimoorfarrukh/,+971568975148,https://wa.me/971568975148,Appliance Repair Service,,852,Contact Us for Appliances Repair in Dubai 📍AL Bada'a Dubai | 📞: +971568975148 | 🔗:https://appliancesrepairdubai.ae | 📧:appliancesrepairdubai1@gmail.com,https://uae-preview-sites-batch1.vercel.app/taimoorfarrukh
batch1-site-live,🏠 أكل بيت | Home-cooked Food,aklbait,https://www.instagram.com/aklbait/,,,Kitchen/cooking,,7552,📍Dubai | Sharjah | Ajman,https://uae-preview-sites-batch1.vercel.app/aklbait
batch1-site-live,Armita Merchant MUA,armitamerchant,https://www.instagram.com/armitamerchant/,+971558024331,https://wa.me/971558024331,Makeup Artist,,34669,Bridal Maestro 🪄  | Bringing Every Bride’s Vision to Life 💫 | 📍Dubai 🇦🇪| Global 🌎  | WhatsApp for inquiries👇🏼 | +971558024331,https://uae-preview-sites-batch1.vercel.app/armita-merchant-mua
batch1-site-live,"Sofa, carpet , chair deep cleaning fujairah city",fujairahcity_sofa_shampooing,https://www.instagram.com/fujairahcity_sofa_shampooing/,+971501436723,https://wa.me/971501436723,Cleaning Service,,2276,"sofa , carpet, chair deep cleaning fujairah by zafreno sofa cleaning fujairah, Whatsapp: 00971 501436723  | #fujairah #fujairahcity",https://uae-preview-sites-batch1.vercel.app/fujairahcity-sofa-shampooing
batch1-site-live,Foram Makwana Mehndi,foram_mehandi_designer,https://www.instagram.com/foram_mehandi_designer/,+971521980580,https://wa.me/971521980580,Artist,,21394,✨ Professional Mehndi Artist | UAE | 👰 Bridal & Customized Designs | 💼 Luxury Brand Events | Corporate Bookings | 📍 Dubai | 📩 DM / WhatsApp for bookings 👇,https://uae-preview-sites-batch1.vercel.app/foram-makwana-mehndi
batch1-site-live,Amir Mr Decor,mr.decor.ae,https://www.instagram.com/mr.decor.ae/,+971585571599,https://wa.me/971585571599,None,,105,"📌 curtain, carpet, wallpaper, sofa, chair | 📌 Parquet, tent, bed, cabinet, shelf, door | 📌 We do all the design | 📞0585571599",https://uae-preview-sites-batch1.vercel.app/amir-mr-decor
batch1-site-live,Karay Nails,karay.nails,https://www.instagram.com/karay.nails/,,,"Beauty, cosmetic & personal care",,545,🌸7 years experience | 💅🏻 Manicure+gel 130aed  | 🌸7 лет делаю Ноготочки  | 💕Маникюр+гель+дизаин+снятие 130aed | Быстро/Качественно Dubai/Дубай,https://uae-preview-sites-batch1.vercel.app/karay-nails
batch1-site-live,Dubai home service nail technician,nailsbyella_dubai,https://www.instagram.com/nailsbyella_dubai/,+971558443397,https://wa.me/971558443397,Nail Artist,,2633,"ACRYLIC NAILS | GEL NAILS | BIAB |            Home Service  |   📍JVC Appointments | DM or WhatsApp: +971 55 844 3397 | Perfect nails, flawless care every time",https://uae-preview-sites-batch1.vercel.app/nailsbyella-dubai
batch2-no-website,UAE Henna Artist🇦🇪🇮🇳 | HENNA BY SAHDHA,zera.henna,https://www.instagram.com/zera.henna/,+971568589960,https://wa.me/971568589960,Henna artist,UAE / Sharjah-Dubai,22380,📍 Based in Sharjah | UAE  | DM for Bridal/Party Henna Bookings | Home services available ✨ | 📞 056 858 9960 🇦🇪,https://uae-preview-sites-batch1.vercel.app/zera-henna
batch2-no-website,Dubai Henna Artist 🇦🇪 /حناء دبي,reddan_henna.ae,https://www.instagram.com/reddan_henna.ae/,+971522996313,https://wa.me/971522996313,Henna artist,Dubai homes,8643,Reddan[ Licensed Henna Artist UAE] | ♧ Bridal. individual. Events | ♡ Organic henna cones available  | ◇ Home Service  Across 🇦🇪  | Book now,https://uae-preview-sites-batch1.vercel.app/reddan-henna-ae
batch2-no-website,NAILS EXTENSION | EYELASHES | EYEBROWS | MICROBLADING | LIPS,salon_home_dubai,https://www.instagram.com/salon_home_dubai/,,,Mobile nail / lash,Dubai homes,25526,"🚨 👉🏻 ANY SERVICES 199/249 AED | ALL SERVICES AT YOUR HOME 🏡  | Dubai | Sharjah | Ajman  | Russian technical 🔝 | Premium materials, 4-6 hand express ✨",https://uae-preview-sites-batch1.vercel.app/salon-home-dubai
batch2-no-website,Charm Beauty,nailsandlashes.ae,https://www.instagram.com/nailsandlashes.ae/,+971522660153,https://wa.me/971522660153,Mobile lash tech,Dubai homes,8,,https://uae-preview-sites-batch1.vercel.app/nailsandlashes-ae
batch2-no-website,Beauty Bar Home Salon💅🏻,beautybarsalon.ae,https://www.instagram.com/beautybarsalon.ae/,+971589922064,https://wa.me/971589922064,Home nails + massage,Dubai homes,3533,📍Dubai Home Service Salon 💕✨ | 📲 WhatsApp: +971589922064 | 🕐 11:30 am – 10:30 pm,https://uae-preview-sites-batch1.vercel.app/beautybarsalon-ae
batch2-no-website,Home service  Dubai / Sharjah / Ajman,home.salon.dxb,https://www.instagram.com/home.salon.dxb/,,,Mobile nails,Ajman / Sharjah / Dubai,8337,Over 6.000 Happy Costumers 🥰 | Nails • Lashes • Brows ✨ | BROWS MICROSHADING ✨ | LIP BLUSH ✨ | 🇰🇬🇷🇺Certificated technicians from Kyrgyzstan ❣️,https://uae-preview-sites-batch1.vercel.app/home-salon-dxb
batch2-no-website,Taha Banat,scissorhandssignature,https://www.instagram.com/scissorhandssignature/,,,Mobile barber,Dubai homes,1333,PRIVATE EXECUTIVE GROOMING | Dubai•In-Home•By Appointment | Discreet service for VIP & executive clients | 24/7|We come to you | Don’t stress. Never stress.✂️,https://uae-preview-sites-batch1.vercel.app/scissorhandssignature
batch2-no-website,Barly Gents Salon,barleygentssalon,https://www.instagram.com/barleygentssalon/,+971588139367,https://wa.me/971588139367,Gents salon,"Hor Al Anz, Deira",1,"✨ Transforming looks, boosting confidence ✂️ | 💈 Professional stylists in Dubai | 📍 Abdul Majeed Building, Shop No. 02, Deira | 📞 058 813 9367",https://uae-preview-sites-batch1.vercel.app/barleygentssalon
batch2-no-website,Scissor & Style,scissor.style.salon,https://www.instagram.com/scissor.style.salon/,+971551174067,https://wa.me/971551174067,Gents salon,International City CBD-34,744,"A friendly, affordable, and high-quality Barbershop in International City 💈                    For bookings please WhatsApp or Call us on 0551174067 📱",https://uae-preview-sites-batch1.vercel.app/scissor-style-salon
batch2-no-website,keira Collections 🧿,keiracollections2023,https://www.instagram.com/keiracollections2023/,+971529521613,https://wa.me/971529521613,Ladies tailor,"Al Mahatha, Sharjah",1359,"💖Keira Ladies Stitching & Alteration ✨ | 👗 Churidar | Blouse | Abaya | ✂️ All Alterations | 📍 Sharjah, Al Mahattah | 📲 +971 52 952 1613",https://uae-preview-sites-batch1.vercel.app/keiracollections2023
batch2-no-website,Tailoring Work By Zaheer,tailoringworkdubai,https://www.instagram.com/tailoringworkdubai/,+971521920070,https://wa.me/971521920070,Home alterations,Dubai homes,1,,https://uae-preview-sites-batch1.vercel.app/tailoringworkdubai
batch2-no-website,Mufeeda Riyas,smilebakes.uae,https://www.instagram.com/smilebakes.uae/,,,Home baker,Sharjah,294,Smile Bakes contact in messages,https://uae-preview-sites-batch1.vercel.app/smilebakes-uae
batch2-no-website,Homemade desserts UAE,homebakery.uae,https://www.instagram.com/homebakery.uae/,,,Home baker,Dubai,2227,Customized cakes in Dubai  | We will make your celebration tasty🥳😍  | Minimum order 2kg❤️Delivery 🇦🇪,https://uae-preview-sites-batch1.vercel.app/homebakery-uae
batch2-no-website,𝐇𝐎𝐌𝐄𝐒𝐄𝐑𝐕𝐈𝐂𝐄/𝐋𝐀𝐒𝐇𝐄𝐒|𝐄𝐘𝐄𝐁𝐑𝐎𝐖𝐒|𝐍𝐀𝐈𝐋𝐒,viplashes_homeservice_uae,https://www.instagram.com/viplashes_homeservice_uae/,,,Mobile lashes,UAE-wide,16408,⏱️Full set in 60 min | 👭Team of certified lash artists | ⠀ | Available all around UAE 🇦🇪 | ⠀ | ✨Premium home service trusted by 150k+ clients! | Bookings via WA🔗👇,https://uae-preview-sites-batch1.vercel.app/viplashes-homeservice-uae
batch2-no-website,L’elite Home Salon & SPA,lelitespa.ae,https://www.instagram.com/lelitespa.ae/,,,Home salon / spa,Dubai / SHJ / Ajman,28137,"Luxury Home Service Salon & Spa in Dubai, Sharjah and Ajman 🇦🇪 | خدمات منزلية فاخرة للعناية بالجمال والاسترخاء في دبي والشارقة وعجمان. للحجز ⬇︎ Bookings",https://uae-preview-sites-batch1.vercel.app/lelitespa-ae
batch2-no-website,Hair Extensions and colors specialist.Nails & Lashes | 📍Dubai,adorebeauty.mea,https://www.instagram.com/adorebeauty.mea/,+971544706603,https://wa.me/971544706603,Home-service salon,UAE-wide,104511,4 hands services/ Hair extension/Nails/Lashes/PMUz | 📍 Mirdif |🆓 🅿️|12PM–12PM | 📞 04 375 4642 |📱050 448 7245 | 📍 El Meydan/🆓 🅿️  | 📞📲 +971 50 696 6184,https://uae-preview-sites-batch1.vercel.app/adorebeauty-mea
batch2-no-website,"SOAK Salon, Jumeirah 1, Dubai",soaksalon_dxb,https://www.instagram.com/soaksalon_dxb/,,,Nails salon + new home,Dubai,4866,BIAB & The Gel Bottle Specialists | Parking Available | 📍Jumeirah 1 | Book Now ⬇️,https://uae-preview-sites-batch1.vercel.app/soaksalon-dxb
batch2-no-website,The Mobile Barber,themobilebarberdubai,https://www.instagram.com/themobilebarberdubai/,+971525656620,https://wa.me/971525656620,Mobile barber,Dubai homes,9702,Mobile barbering service in Dubai 🇦🇪  | British Barbers 🇬🇧  | 8am - Midnight 🕛  | 7 days a week | To book: +971525656620 📲,https://uae-preview-sites-batch1.vercel.app/themobilebarberdubai
batch2-no-website,Vantage Gents Salon,getvantagecut,https://www.instagram.com/getvantagecut/,,,Gents salon,"Muweilah, Sharjah",115,"""💈 Vantage Gents Salon 💈 | Your grooming destination in Sharjah. Expert cuts, beard trims, and more. Affordable luxury for modern men. #gentssalonshar",https://uae-preview-sites-batch1.vercel.app/getvantagecut
batch2-no-website,VIP beauty salon,vip.beauty.salon.dmcc,https://www.instagram.com/vip.beauty.salon.dmcc/,+971581123013,https://wa.me/971581123013,Ladies salon,"England Cluster X09, IC",2449,VIP beauty salon  | 📍Location: JLT cluster F | 🏢HDS Tower |  🗓️PLEASE CALL FOR AN APPOINTMENT | 📲+971 581123013 | 📲+971 55 651 7383 | ⏰OPENING -EVERYDAY 10AM-10PM,https://uae-preview-sites-batch1.vercel.app/vip-beauty-salon-dmcc
batch2-no-website,France Angella Sia,franceangellasia,https://www.instagram.com/franceangellasia/,+971525781350,https://wa.me/971525781350,Ladies salon,"England Cluster X09, IC",23,,https://uae-preview-sites-batch1.vercel.app/franceangellasia
batch2-no-website,Lamsat Taraf Ladies Saloon,lamsattarfladiessaloon,https://www.instagram.com/lamsattarfladiessaloon/,,,Home massage + nails,Dubai / SHJ / Ajman,25,"✨ Relax. Renew. Rejuvenate. ✨ | At Lamsat Taraf Ladies Saloon, we believe self-care isn’t a luxury — it’s essential 💆‍♀️ | 🌸Dubai🌸Sharjah🌸Ajman",https://uae-preview-sites-batch1.vercel.app/lamsattarfladiessaloon
batch2-no-website,Diamond House Beauty Salon,diamondhousebeauty_salon,https://www.instagram.com/diamondhousebeauty_salon/,+971545384444,https://wa.me/971545384444,Ladies salon,Sharjah shop,2230,Diamond House Beauty Salon 💎 | Premium service | Hair • Lashes • Nails • Facial | Henna • Waxing | 📍 Sharjah | جمالكِ يهمّنا ✨ | 📲 WhatsApp Booking And location,https://uae-preview-sites-batch1.vercel.app/diamondhousebeauty-salon
batch2-no-website,Bohemian Henna Event Artist Dubai,hennatattoodubai,https://www.instagram.com/hennatattoodubai/,,,Henna artist,Dubai events,12360,Halal & Haram tattoo artist | Dubai Bling | TikTok 600k | All body henna @ladies_henna @bohemiantattoodxb | 👇🏻 Book henna activation for event,https://uae-preview-sites-batch1.vercel.app/hennatattoodubai
batch2-no-website,Dubai Alteration | Tailoring Services,dubaialteration,https://www.instagram.com/dubaialteration/,+971545954408,https://wa.me/971545954408,Doorstep tailor,Dubai homes,6,👗 Dubai’s Trusted Clothing Alteration Experts   | 🧵 Custom Fits | Repairs | Restyling   | 🚗 Pick & Drop Across Dubai   | 📩 DM to Book | Fast Turnaround,https://uae-preview-sites-batch1.vercel.app/dubaialteration
batch2-no-website,Power Drive Auto Maintenance Garage,powerdrive.ae,https://www.instagram.com/powerdrive.ae/,+971561703198,https://wa.me/971561703198,Car garage,"Al Sajaa, Sharjah",387,"🔧 Power Drive Auto Garage | Al Sajaa, Sharjah 🚗 Engine • AC • Oil • Brakes • Body Shop • Full Car Service 📞 Call / WhatsApp for queries 0561703198",https://uae-preview-sites-batch1.vercel.app/powerdrive-ae
batch2-no-website,Masira M,masira.henna,https://www.instagram.com/masira.henna/,,,Henna artist,Sharjah / Dubai / Ajman,247,Certified Henna Artist (16  years experience) | Affordable Henna | DM for more information and rates,https://uae-preview-sites-batch1.vercel.app/masira-henna
batch2-no-website,Henna artist ajman,henna.bloom_by.muskan,https://www.instagram.com/henna.bloom_by.muskan/,+971507061435,https://wa.me/971507061435,Henna artist,"Nuaimiya 1, Ajman",91,"I am home based Henna Artist | Only home service, No outside orders❌ | ~Hennaproductsavail | Dm for orders & queries | Whatsapp: +971 507061435 | 📍Ajman, UAE 🇦🇪",https://uae-preview-sites-batch1.vercel.app/henna-bloom-by-muskan
batch2-no-website,Quirky Cravingz Bakery in Dubai,quirkycravingz_dubai,https://www.instagram.com/quirkycravingz_dubai/,+971551959656,https://wa.me/971551959656,Home baker,Dubai,1960,5000+ Cakes Delivered in Dubai 🎂 | Premium Eggless Cakes • Hampers  | Pre-order via WhatsApp 📲 | Delivery available,https://uae-preview-sites-batch1.vercel.app/quirkycravingz-dubai
batch2-no-website,Fabiano Hair,fabianohairoficial,https://www.instagram.com/fabianohairoficial/,,,Mobile barber,Dubai homes / hotels,28647,Private Grooming & Hair Specialist | Hair Systems | Men’s Grooming | By Appointment Only | Dubai,https://uae-preview-sites-batch1.vercel.app/fabianohairoficial
batch2-no-website,UPGRADE Barbershop JVC,upgrade.cut,https://www.instagram.com/upgrade.cut/,+971528327473,https://wa.me/971528327473,Mobile barber,JVC / JLT / Arjan / Barsha South,582,Elevate Your Grooming Game at Upgrade Barbershop JVC 💈 | Expert Barbers & Top-Notch Service | Book Your Appointment Today! 📅  | ☎️(04) 445 6096,https://uae-preview-sites-batch1.vercel.app/upgrade-cut
batch2-no-website,Minabridalmakeup🇦🇪,mina_makeup_dubai,https://www.instagram.com/mina_makeup_dubai/,+971558905323,https://wa.me/971558905323,Freelance MUA,Dubai,3483,💍 Specializing in Bridal & Luxury Glam | 📍 Based in Dubai | Available across UAE 🇦🇪 | 💄 Enhancing your natural beauty for your big day. | +971558905323,https://uae-preview-sites-batch1.vercel.app/mina-makeup-dubai
batch2-no-website,Munaza Rehman- Bridal make up Artist,munazarehman,https://www.instagram.com/munazarehman/,+971507737850,https://wa.me/971507737850,Bridal MUA,"Al Majaz 3, Sharjah",26624,🎓Certified @talalmorcos @zahraabdusaleh @pallavinarulaartistry  | 👰‍♀️ Bridal Specialist  | 📞 +971 588213678 | 📲 WhatsApp👇🏻,https://uae-preview-sites-batch1.vercel.app/munazarehman
batch2-no-website,SANIA |  DUBAI MAKEUP ARTIST,beautiflywithsania,https://www.instagram.com/beautiflywithsania/,+971508487450,https://wa.me/971508487450,Bridal MUA,Dubai,5560,🎓 𝗖𝗲𝗿𝘁𝗶𝗳𝗶𝗲𝗱 𝗕𝘆- @samairasandhu 🇮🇳 | 👩‍💻 𝗕𝗿𝗶𝗱𝗮𝗹 / 𝗘𝗱𝗶𝘁𝗼𝗿𝗶𝗮𝗹 / 𝗠𝗶𝗻𝗶𝗺𝗮𝗹 Glam | 📞  +971508487450,https://uae-preview-sites-batch1.vercel.app/beautiflywithsania
batch2-no-website,مدرس خصوصي | دروس خصوصية | مدرس رياضيات | مدرس فيزياء | كيمياء,unitutor.uae,https://www.instagram.com/unitutor.uae/,+971553220300,https://wa.me/971553220300,Home tutor,UAE homes / online,1857,دروس خصوصية | مدرس جامعي | مدرس ثانوي  | التحضير لاختبارات القبول الجامعي  | التحضير لاختبارات طيران الامارات  | Sat | emsat | APS | AP | IGCSE | BI,https://uae-preview-sites-batch1.vercel.app/unitutor-uae
batch2-no-website,AL SHAMSI KEY CUTTING AJMAN,shamsi_key_,https://www.instagram.com/shamsi_key_/,+971567621921,https://wa.me/971567621921,Key cutting,Ajman Industrial,44,"🇦🇪🗝️ Expert duplication & cutting for homes, offices, & cars 🔒 | 📞 +971567621921, + ,0504848114  | 📍Ajman Industrial Area 2,Ajman Al Muwaihat 3",https://uae-preview-sites-batch1.vercel.app/shamsi-key
batch2-no-website,GULFKEY CUTTING,gulfkey_cutting,https://www.instagram.com/gulfkey_cutting/,+971509919871,https://wa.me/971509919871,Mobile locksmith,Dubai / Sharjah / Ajman,101,🔑 نسخ وبرمجة جميع أنواع مفاتيح السيارات الحديثة | ⚙️ برمجة كمبيوترات السيارات (ECU – TCM) | 💨 صيانة وبرمجة نظام الـ AIRBAG | 0509919871 | ‏‪056 285 5662,https://uae-preview-sites-batch1.vercel.app/gulfkey-cutting
batch2-no-website,Afro Trim Barber Salon,afro_trim_,https://www.instagram.com/afro_trim_/,+971508423221,https://wa.me/971508423221,Gents salon,"Al Khail Gate, Al Quoz",780,"📍Al Khail Gate, Al Quoz, Dubai | 💈Afro Barber Shop🇨🇲🇳🇬🇨🇮🇰🇪🇪🇹 🇦🇪 🇺🇬 🇺🇸 🇯🇲 etc.  | ✂️ Trim/Fade/Beard Trim/Dreads/Colour | 📞 0508423221 | 🔥Grow. Cut. Repeat.",https://uae-preview-sites-batch1.vercel.app/afro-trim
batch2-no-website,THE CUT BARBER FOR MEN | Ajman,the.cut.barber.ajman,https://www.instagram.com/the.cut.barber.ajman/,+971562114649,https://wa.me/971562114649,Gents salon,"Al Rumailah, Ajman",33,📍Ajman - AlRumailah - Abdullah bin abbas street - B3 | عجمان - الرميلة - شارع عبدالله بن العباس - B3 | 📱 0562114649 | 🕛 Open hours: 10Am - 12Am,https://uae-preview-sites-batch1.vercel.app/the-cut-barber-ajman
batch2-no-website,Al-Qima Gents Salon,alqima_salon,https://www.instagram.com/alqima_salon/,+971509063106,https://wa.me/971509063106,Gents salon,"Al Hamidiya 2, Ajman",482,"CUTS • BEARDS  • SKIN CARE • TREATMENTS | 🗓 Book now +971509063106 | 📍 Al Hamidiya 2, Ajman, UAE | Opposite Ward Lebanon Restaurant  | ⬇️Google maps",https://uae-preview-sites-batch1.vercel.app/alqima-salon
batch2-no-website,ley_bake,ley_bake,https://www.instagram.com/ley_bake/,+971521049568,https://wa.me/971521049568,Bakery,"Muweilah + Al Nahda, Sharjah",4186,"📍 Muweilah, Sharjah | 📞 Call / WhatsApp: +971 52 104 9568 | ☎️ Toll Free: 8006678 | 📍 Nahda Park Branch | 📞 Call / WhatsApp: +971 52 137 0439",https://uae-preview-sites-batch1.vercel.app/ley-bake
batch2-no-website,Dubai makeup artist,olgamuadubai,https://www.instagram.com/olgamuadubai/,,,Freelance MUA,Dubai / Belgium,11616,🪄𝐂𝐫𝐞𝐚𝐭𝐢𝐧𝐠 𝐛𝐞𝐚𝐮𝐭𝐲 𝐢𝐧 𝐃𝐮𝐛𝐚𝐢 🇦🇪  | 𝐃𝐚𝐲-𝐭𝐨-𝐝𝐚𝐲 𝐆𝐥𝐚𝐦| 𝐁𝐫𝐢𝐝𝐚𝐥| 𝐄𝐝𝐢𝐭𝐨𝐫𝐢𝐚𝐥| 𝐂𝐨𝐦𝐦𝐞𝐫𝐜𝐢𝐚𝐥 | 🎨𝐏𝐫𝐢𝐯𝐚𝐭𝐞 𝐦𝐚𝐤𝐞𝐮𝐩 𝐥𝐞𝐬𝐬𝐨𝐧𝐬 | 📩𝐅𝐨𝐫 𝐛𝐨𝐨𝐤𝐢𝐧𝐠𝐬 𝐃𝐌/𝐖𝐡𝐚𝐭𝐬𝐀𝐩𝐩,https://uae-preview-sites-batch1.vercel.app/olgamuadubai
batch2-no-website,Quran Online & Home Classes,quran_classes_dubai,https://www.instagram.com/quran_classes_dubai/,+971544170888,https://wa.me/971544170888,Quran tutor agency,Dubai homes / online,163354,"■ All tutors are certified from dubai 🇦🇪 | ■ Quran recitations, tajweed the rules of Quran, Quran memorization, Translation,Dua & prayer memorisation.",https://uae-preview-sites-batch1.vercel.app/quran-classes-dubai
batch2-no-website,Raise Education,raiseeducationdubai,https://www.instagram.com/raiseeducationdubai/,+971545399007,https://wa.me/971545399007,Tutor agency,UAE,1,,https://uae-preview-sites-batch1.vercel.app/raiseeducationdubai
batch2-no-website,Kabayan Hair and Nail homeservice,nhelgomez,https://www.facebook.com/p/Kabayan-Hair-and-Nail-homeservice-100060181116837/,+971561503202,https://wa.me/971561503202,Home hair and nails,Dubai,5383,Home salon. No website. Email mbsbeautycareservices@gmail.com,https://uae-preview-sites-batch1.vercel.app/nhelgomez
batch2-no-website,Al Ahlam Saloon,,https://www.facebook.com/p/Al-Ahlam-Saloon-100063748712890/,+97165386109,https://wa.me/97165386109,Henna salon,"Wasit St, Sharjah",1208,"Henna since 1982. Map only, no website.",https://uae-preview-sites-batch1.vercel.app/al-ahlam-saloon
batch2-no-website,HeadMaster Gents Salon,,https://www.facebook.com/p/HeadMaster-Gents-Salon-Dubai-Deira-ClockTower-100083541960214/,,,Gents salon,Deira Clock Tower,781,No website field on the page.,https://uae-preview-sites-batch1.vercel.app/headmaster-gents-salon
batch2-no-website,Nojoom Wa Fonoon Gents Salon,,https://www.facebook.com/p/Nojoom-Wa-Fonoon-Gents-Salon-100063790980751/,+971561917752,https://wa.me/971561917752,Gents salon,"Emaar Towers, Deira",260,Map link only.,https://uae-preview-sites-batch1.vercel.app/nojoom-wa-fonoon-gents-salon
batch2-no-website,Nidal Personal Care Gents Centre,,https://www.facebook.com/p/Nidal-Personal-Care-Gents-Centre-100089091121451/,+971524092032,https://wa.me/971524092032,Barber,"Al Majaz 2, Sharjah",227,Map only. Email bilalbilal067@gmail.com,https://uae-preview-sites-batch1.vercel.app/nidal-personal-care-gents-centre
batch2-no-website,Stefano Gents Salon,,https://www.facebook.com/p/Stefano-Gents-Salon-100064154945248/,+97142820000,https://wa.me/97142820000,Barber,"Garhoud, Dubai",183,Map only. Email stefanogentsalon@gmail.com,https://uae-preview-sites-batch1.vercel.app/stefano-gents-salon
batch2-wave3,AL FAYQAH AC.DEVICES SPARE PARTS TR,al_fayqah,https://www.instagram.com/al_fayqah/,+971561515798,https://wa.me/971561515798,AC parts / service,Sharjah / Ajman / Dubai,388,Customers | 🔥 Best Price in UAE | 🚗 Fast Service • Same Day Work | 📍 Location: UAE SHARJAH |  📞 Call Now for Quick Booking |       0561515798     0522012334,https://uae-preview-sites-batch1.vercel.app/al-fayqah
batch2-wave3,SM Technical Services Dubai,smtechnicalservicesdubai,https://www.instagram.com/smtechnicalservicesdubai/,+971562679587,https://wa.me/971562679587,AC / handyman,Dubai,10,"ac, Plumbing, Electrical, AC Repair & Installation, Home Maintenance, All Dubai, WhatsApp 0562679587",https://uae-preview-sites-batch1.vercel.app/smtechnicalservicesdubai
batch2-wave3,Jeeves Upper Crest,jeevesuppercrest,https://www.instagram.com/jeevesuppercrest/,,,Dry cleaner,Downtown Dubai,167,,https://uae-preview-sites-batch1.vercel.app/jeevesuppercrest
batch2-wave3,Andy pilates,andy.pilates.dubai,https://www.instagram.com/andy.pilates.dubai/,,,Private pilates,Dubai homes,7,Andy Pilates ✨ | Pilates at home 🏠 | Toning • Flexibility • Well-being | Strengthen your body & calm your mind 🌿,https://uae-preview-sites-batch1.vercel.app/andy-pilates-dubai
batch2-wave3,Physio Spark,physiospark7,https://www.instagram.com/physiospark7/,+971506892048,https://wa.me/971506892048,Home physio,Ajman / Sharjah,18,Home Physiotherapy – Ajman & Sharjah | Stroke Rehab | Back & Neck Pain | Sports Injuries | Dry Needling | 10+ Years Experience | 📞WhatsApp:  050689208,https://uae-preview-sites-batch1.vercel.app/physiospark7
batch2-wave3,"Organic henna cones , Dubai🇦🇪 Henna Artist",qulsoom_henna,https://www.instagram.com/qulsoom_henna/,,,Henna artist,"Abu Hail, Dubai",1125,💁🏼‍♀️Henna artist  | ✏️Dm for booking Bridal/ events/ party henna | 📍Dubai 🇦🇪 | @qureish_perfumes,https://uae-preview-sites-batch1.vercel.app/qulsoom-henna
batch2-wave3,TIFFIN WALA DUBAI,tiffin_wala_dubai,https://www.instagram.com/tiffin_wala_dubai/,,,Home tiffin,Dubai,23773,"Dubai’s premium pure veg Virtual kitchen for your kids & family. We undertake Catering order, Bulk orders, Prashad Boxes & lots more. | WHATSAPP LINK 👇",https://uae-preview-sites-batch1.vercel.app/tiffin-wala-dubai
batch2-wave3,حب 🧡,hobb.uae,https://www.instagram.com/hobb.uae/,,,Home photographer,Sharjah,8293,"♡ 𝖢𝖺𝗉𝗍𝗎𝗋ed from Heart ♡ | Capturing Moments, 𝖢𝗋𝖾𝖺𝗍𝗂𝗇𝗀 𝖬𝖾𝗆𝗈𝗋𝗂𝖾𝗌!💝📷🎁 | 📱+𝟗𝟕𝟏 𝟓𝟔 𝟖𝟕𝟏 𝟏𝟕𝟎𝟐 | 📍𝐒𝐇𝐀𝐑𝐉𝐀𝐇 𝐔𝐀𝐄",https://uae-preview-sites-batch1.vercel.app/hobb-uae
batch2-wave3,SHARJAH HENNA ARTIST🇦🇪,alamul_henna,https://www.instagram.com/alamul_henna/,+971564981168,https://wa.me/971564981168,Henna artist,UAE homes,8961,عالم الحنّاء ⚜️  | 8+ years of Professional Experience  | Bridal | Party  | Home services available  | Contact 0564981168 for booking 🇦🇪,https://uae-preview-sites-batch1.vercel.app/alamul-henna
batch2-wave3,HENNA ARTIST SHARJAH DUBAI 🇦🇪,henna_by_shaah,https://www.instagram.com/henna_by_shaah/,+971566220305,https://wa.me/971566220305,Henna artist,Sharjah / Dubai / UAE homes,17591,Professional Hennartist 🍁 | @__sha_hi__  | Based in Sharjah-UAE 🇦🇪  | Whatsapp +971 566220305,https://uae-preview-sites-batch1.vercel.app/henna-by-shaah
batch2-wave3,Pakistani & Indian Suits | Co ord sets | Jalabiyas | Abayas,seasons360boutique,https://www.instagram.com/seasons360boutique/,+971521540124,https://wa.me/971521540124,Ladies tailor,"Oud Metha, Dubai",2364,"👗Bespoke Tailoring for Women & Girls | ✂️Alteration for Ladies, Men & Kids | 🌟Festive outfits stitching | 👉🏻We are open on weekends | ⬇️ Whatsapp to inquire",https://uae-preview-sites-batch1.vercel.app/seasons360boutique
batch2-wave3,TOP BEAUTY SALON in DUBAI | Business Bay,fateli_beauty,https://www.instagram.com/fateli_beauty/,+971581225356,https://wa.me/971581225356,Nails salon,"Damac Business Tower, Business Bay",12809,𝐖𝐞𝐥𝐜𝐨𝐦𝐞 𝐭𝐨 𝐅𝐀𝐓𝐄𝐋𝐈 𝐁𝐞𝐚𝐮𝐭𝐲 𝐂𝐥𝐮𝐛 🎀  | 𝐅𝐨𝐫 𝐝𝐨𝐥𝐥𝐬 𝐰𝐡𝐨 𝐥𝐨𝐯𝐞 𝐭𝐨 𝐠𝐞𝐭 𝐬𝐩𝐨𝐢𝐥𝐞𝐝 💋 | Nails • Hair • Lashes • 6 Hands | 𝐁𝐮𝐬𝐢𝐧𝐞𝐬𝐬 𝐁𝐚𝐲 •  📲 +𝟗𝟕𝟏 𝟓𝟖 𝟏𝟐𝟐 𝟓𝟑𝟓𝟔,https://uae-preview-sites-batch1.vercel.app/fateli-beauty
batch2-wave3,Future.football.academy,future.fa.ae,https://www.instagram.com/future.fa.ae/,+971528786180,https://wa.me/971528786180,Home football coach,Ajman homes,2060,Football Academy | Since 2018 | Boys • Girls • Parents | Licensed & Accredited | International Training Programs | 📍Ajman – Al Jurf 2,https://uae-preview-sites-batch1.vercel.app/future-fa-ae
batch2-wave3,Al Mutamaiz Ladies Tailoring,almutamaiz_tailor,https://www.instagram.com/almutamaiz_tailor/,+971569143974,https://wa.me/971569143974,Ladies tailor,"Al Rashidiya 3, Ajman",369,"Traditional stitching quality, just like home | ☎️  0569143974 | 🚗Pickup & Delivery Available all over UAE  | 🏡Home Measurement👩‍💼 Lady Staff visit",https://uae-preview-sites-batch1.vercel.app/almutamaiz-tailor
batch2-wave3,JABAL AL MADINA LADIES TAILORING ..,jabalal_madinaladies_tailoring,https://www.instagram.com/jabalal_madinaladies_tailoring/,+971521406578,https://wa.me/971521406578,Ladies tailor,"Rawdha 3, Ajman",347,"👗 Custom Ladies Tailoring in UAE | ✨ Abayas | Dresses | Alterations | 📍 UAE Ajman Rawdha 3 | 📞 DM for orders & inquiries | 📞+971521406578,+971552549786",https://uae-preview-sites-batch1.vercel.app/jabalal-madinaladies-tailoring
batch2-wave3,munali ladies tailoring ajman,munaliladiestailoringajman,https://www.instagram.com/munaliladiestailoringajman/,+971521523290,https://wa.me/971521523290,Ladies tailor,"Nuaimiya, Ajman",5429,Munali ladies tailoring ajman call 0521523290,https://uae-preview-sites-batch1.vercel.app/munaliladiestailoringajman
batch2-wave3,Zikra Saeeda Ladies Tailoring Karama,zsladiestailoringkarama,https://www.instagram.com/zsladiestailoringkarama/,+97142283900,https://wa.me/97142283900,Ladies tailor,Karama,26,"We offers bespoke tailoring services for women, including suits, dresses, and traditional wear.",https://uae-preview-sites-batch1.vercel.app/zsladiestailoringkarama
batch2-wave3,The Stitchery,stitchery_tailoring,https://www.instagram.com/stitchery_tailoring/,+971588023375,https://wa.me/971588023375,Home tailor,Abu Dhabi,1011,"Bespoke. Private. Perfection. | 📍 UAE’s Premier Private Home Tailoring Service. | “Your style, crafted in the comfort of your home.”",https://uae-preview-sites-batch1.vercel.app/stitchery-tailoring
batch2-wave3,B A Z carwash,bazcarwash,https://www.instagram.com/bazcarwash/,+971554858821,https://wa.me/971554858821,Mobile car wash,Ajman areas,34,🚗 Mobile Car Wash Service | 🏡 We Wash Cars at Your Home & Villa | 💦 Fast • Reliable • Affordable | 📲 WhatsApp: 0554858821,https://uae-preview-sites-batch1.vercel.app/bazcarwash
batch2-fb-wave,Perfect Gents Salon,,https://www.facebook.com/p/Perfect-Gents-Salon-61553809205162/,+971554766682,https://wa.me/971554766682,Gents salon,"Sharjah, near Mega Mall",,Facebook only. No website. Email perfectgentssalon12@gmail.com,https://uae-preview-sites-batch1.vercel.app/perfect-gents-salon
batch2-fb-wave,Great Clips Gents Salon,,https://www.facebook.com/p/Great-Clips-Gents-Salon-61565734293016/,+971547001416,https://wa.me/971547001416,Gents salon,"Russia Cluster, International City",,Facebook only. No website. Email greatcgs.llc@gmail.com,https://uae-preview-sites-batch1.vercel.app/great-clips-gents-salon
batch2-fb-wave,Falcon Touch Laundry Dubai,falcon.touch.laundry.dubai,https://www.instagram.com/falcon.touch.laundry.dubai/,+971559040721,https://wa.me/971559040721,Laundry,Dubai,,Facebook and Instagram both scraped. No website. Laundry and dry cleaning.,https://uae-preview-sites-batch1.vercel.app/falcon-touch-laundry-dubai
batch2-fb-wave,Golden Image Gents Salon,,https://www.facebook.com/p/Golden-Image-Gents-Salon-61578153968192/,+971558518578,https://wa.me/971558518578,Gents salon,Sharjah,,Facebook only. No website and no Zylu link on the page. Email goldenimageshj2025@gmail.com,https://uae-preview-sites-batch1.vercel.app/golden-image-gents-salon
batch2-fb-wave,Nazih Gents Saloon,,https://www.facebook.com/p/Nazih-Gents-Saloon-100063458023281/,+971509214370,https://wa.me/971509214370,Gents salon,"Shabiya 9, MBZ City, Abu Dhabi",,Facebook only. Email info@nazihsaloon.com but that domain does not resolve. No website.,https://uae-preview-sites-batch1.vercel.app/nazih-gents-saloon
batch2-fb-wave,Emirates Women Abaya,,https://www.facebook.com/p/Emirates-Women-Abaya-100087892069254/,+971561755962,https://wa.me/971561755962,Abaya tailor,Ajman and Dubai,,Facebook only. Link is wa.me. No website.,https://uae-preview-sites-batch1.vercel.app/emirates-women-abaya
batch2-fb-wave,Zain Auto Painting Services,,https://www.facebook.com/p/Zain-Auto-Panting-Services-61552414032394/,,,Auto painting,Sharjah,,Facebook only. No website and no phone on the page.,https://uae-preview-sites-batch1.vercel.app/zain-auto-painting-services
batch2-fb-wave,Al Nahda Ladies Salon,,https://www.facebook.com/Alnahdasalon,+971551662863,https://wa.me/971551662863,Ladies salon,"Al Taawun, Sharjah",,"Facebook only. No website. Page looks stale, last indexed post 2016.",https://uae-preview-sites-batch1.vercel.app/al-nahda-ladies-salon
